Marketing_Ecosystem,End_User,Marketing_Agility
multi-technology,real_time_consumer,selling_process
co-develop,ai_solution,agile_responsive
healthcare_management,streaming_media,adapt
ecosystem_strategy,product_analytic,datum_lake
platform_application,landing_page,efficiently_securely
service_management,design_product,responsive
cloud_management_platform,consumer_datum,data_perspective
ipaas,payment_tool,resiliency_redundancy
network_approach,app_developer,work_flow
application_expertise,omni_-_channel_consumer,real_time_process
identity_management,simulation_technology,speed_accuracy
center_platform,threat_intelligence,cloud_infrastructure
multi-modality,authentication_platform,real_time_system
skill,custom_tailor,user_datum
enablement_tool,internet_technology,configuration_management
video_content_management,application_interface,business_rule
operating_software,uniqueness,problem_resolution
seamlessly,ai_platform,screen_scrape
operation_solution,app,centralization_standardization
offering_service,cross_device,quality_datum
support_solution,cut_edge,prototyping
cloud_network,client_insight,feedback_system
support_network,secops,user_capability
skill_set,health_technology,it_process
wraparound_service,user_type,development_technique
business_process_solution,voice_assistance,design_information
agreement_process,custom_model,it_architecture
system_capability,creator,application_monitoring
bpm_solution,monetization_platform,execution_process
expert_partner,computer_technology,redaction
information_network,contextually_relevant,cloud_enablement
multi-party,software_-_as_-_a-service_solution,xml
join_together,real_time_customer,datum_integrity
co-engineer,recommendation_tool,flow_management
team_up,information_access,operationalize
payment_capability,app_experience,customer_onboarding
development_solution,identity_authentication,policy_enforcement
natively,data_scientist,automation_tool
win_win,creation_process,workload
core_function,marketing_communication,quality_assurance_process
channel_integration,user_requirement,intelligence_system
payment_hub,voice_interface,sensor_information
prospective_partner,3m_technology,leverage_technology
procurement_solution,engagement_solution,input_datum
organize,location_datum,greatly_simplify
co-ordination,consumer_understanding,simulation_tool
hardware_-_software,computer_vision,marketing_resource
creation,workplace_experience,increase_speed
supply_chain_management_service,design_thinking,product_development_process
partnership_capability,datum_analytic_tool,simulation_datum
premier_technology,video_technology,execution
multi-functional,life_style,datum_modeling
end_-_to_-_end_market,information_tool,de-duplication
specialist_capability,community_management,devops
transaction_management,edge_processing,delivery_management
end_-_to_-_end_business,community,product_design
value_chain,jira,fast
marketplace_technology,ai_and_machine_learning,best_practice_sharing
channel_experience,personalization,technology_process
supply_chain_function,configurable,datum_gathering
platform_provider,notion,automation_digitization
center_capability,geo_-_fencing,speedier
command_and_control_center,developer_experience,training_protocol
emergency_communication,design_philosophy,video_datum
cross_functional,ontology,innovation_management
infrastructure_capability,knowledge_basis,repeatable_scalable
connectivity_hub,inspiration,detection_capability
solution_set,customer_approach,risk_monitoring
collaboration_solution,marketing_intelligence,machine_readable
datum_analytic_service,contextualization,prescriptive
digital_twin,machine_learning,timely_accurate
multiparty,datum_stream,business_process
system_expertise,omni_-_channel_customer_experience,idea_generation
alliance_strategy,analytic_software,customer_profiling
management_service_organization,web_collaboration,datum_visibility
content_capability,ai_analytic,security_alert
best_-_in_-_class_capability,consumer_app,instantiate
solution_model,product_functionality,real_time_decision
integration_capability,business_communication,development_environment
development_framework,platform_approach,cloud_computing
centrally_manage,incredibly_powerful,datum_technology
orchestration_platform,end_-_to_-_end_customer_journey,data_warehousing
api_gateway,digital_capability,business_datum
orchestrator,propensity_modeling,application_environment
b2b_provider,personalized_experience,devop
telephony_solution,plugin,work_process
seamless_integration,business_intelligence_solution,data_intensive
asset_management_capability,datum_stack,datum_file
work_together,delight,privacy_compliance
front_-_office,consultative,service_optimization
leverage_best_practice,self_-_service,s&op
stakeholder,audience_segment,exception_management
partner_technology,datum_preparation,lean_agile
network_solution,incubator,datum_gravity
expertise,learning_tool,development_process
ecosystem,search_browse,process_monitoring
product_development_group,datum_marketplace,monitoring_function
end_-_to_-_end_processing,product_insight,hadoop
platform_system,culture,customer_identification
client_support,insight_solution,process_design
billing_capability,datum_information,business_enablement
it_governance,collaboration_tool,low_latency
specialization,market_analytic,product_definition
multi-stakeholder,telemetry_datum,information_gathering
collaborating,datum_discovery,marketing_system
hardware_and_software_platform,app_delivery,agile_methodology
resource_sharing,productivity_application,machine_learning_artificial_intelligence
partnership_team,workflow_integration,ai_robotic
enterprise_management,crm_capability,geolocation
membership_platform,privacy,virtualization_technology
collaborate_on,enterprise_collaboration,big_datum_initiative
core_application,intelligence_capability,lightning_fast
bioinformatics_solution,experience_design,end_-_to_-_end_visibility
enterprise_information_management,service_tool,enterprise_datum
nerve_center,messaging_capability,client_interaction
competitive_advantage,consumer_expectation,datum_accuracy
software_factory,software_tool,process_optimization
development_network,insight_product,radically_simplify
system_engineering_capability,end_-_to_-_end_transaction,intuitiveness
collaboration_environment,datum_expertise,r&d_process
end_-_to_-_end_portfolio,matching_capability,information_database
workplace_solution,api_access,comply_gdpr
cloud_hub,empower,business_agility
iot_capability,video_experience,straight_processing
outsource_solution,digitally_transform,usage_datum
3dexperience_platform,advertising_experience,path_planning
cross-business,hyperlocal,kyc_process
service_provider,real_time_video,application_landscape
security_cloud,virtual_assistant,datum_synchronization
supply_chain_platform,marketing_concept,analysis_technique
end_-_to_-_end_value_chain,individualized,audit_trail
network_et_cetera,workflow,real_time_performance
contact_center_capability,breakthrough_innovation,technology_architecture
design_partner,superset,adaptable
digitize,multichannel,troubleshoot
best_-_in_-_class_technology,omnichannel_customer_experience,field_experience
distal,app_platform,customer_engagement_process
commerce_platform,workspace,datum_basis
call_control,software_developer,iot_sensor
back_-_office_operation,software_experience,process_datum
service_capability,enterprise_app,state_-_of_-_the_-_art_capability
bidirectional,content_format,resource_deployment
domain,employee_communication,master_data_management
engineering_discipline,risk_prediction,value_stream_mapping
micro-service,organizations,it_tool
api_integration,identity_verification,modularity
intranet,business_user,trial_error
client_management,user_case,rearchitecture
leadership,business_outcome,system_design
application_provider,segmentation,information_datum
device_platform,consumer_requirement,datum_pattern
engineering_technology,datum_engine,design_et_cetera
multi-lingual,streamlined_workflow,fine_grained
cross-industry,media_optimization,dataflow
solution_expertise,ai_application,network_configuration
interface_system,voice_activation,software_improvement
customer_team,video_messaging,service_provisioning
partner_integration,customer_touch_point,automation
partnership_approach,testing_tool,execution_management
partnership_model,consumption_experience,datum_application
hardware_application,self_-_management,datum_virtualization
end_-_to_-_end_architecture,fingerprinting,network_planning
network_connectivity,health_care_experience,process_implementation
channel_expertise,datum_analysis_capability,performance_management_system
multi-channel,collaboration_software,world_-_class_process
mobility_solution,brand_content,analytical_tool
payment_management,nurture,physician_workflow
digital,architect,security_process
branding_capability,business_use_case,sophisticated_algorithm
value_-_chain,client_portal,standardization_simplification
multi-company,real_time_integration,compliance_datum
knowhow,symbology,real_time_decision_making
datum_factory,team_collaboration,orchestration_tool
business_network,predictive_analytic,customer_relationship_management_system
expert,decision_management,process_modeling
orchestration_solution,content_curation,database_system
information_asset,ai_capability,analytical_technique
synergistic,embeddable,supply_chain_datum
cross-group,qlikview,delivery_methodology
data_integration_platform,computing_capability,hybrid_multi-cloud
inside,navigation_experience,digitize_automate
link_up,augment_reality,demand_computing
community_platform,end_user,datum_ingestion
flexible_scalable,machine_-_learning_model,space_management
salesforce.com_platform,interactively,dev_op
solution_stack,audience_targeting,compliance_control
white_labeling,design_system,planning_scheduling
iot_strategy,content_tool,design_and_development_process
unified,best_-_in_-_class_datum,ci_/_cd
commerce_offering,highly_customizable,sub-second
product_offering,distinctive,user_productivity
business_partner,evermore,decision_making
custom_service,intelligence_datum,customer_relationship_management_tool
media_processing,datum_element,client_system
mission_control,software_approach,change
journey,radical,security_manageability
skill_transfer,contact_management,technology_system
communication_suite,passionate,unstructured_datum
end_-_to_-_end_logistics,cross_channel,orchestration_engine
world_-_class_provider,matchmaking,inventory_forecasting
workflow_software,engagement_tool,process_quality
platform_engineering,playlist,curious
logistics_expertise,machine_learn_algorithm,automation_technology
design_datum,user_service,datum_initiative
delivery_system,ai,streaming_analytic
mobility_platform,product_strategy,re-architecting
joint,analytic_suite,centralize_standardize
service_solution,user_interface,product_life_cycle_management
win_-_win_partnership,customer_datum_analytic,system_architecture
mobility_system,intelligence_platform,customer_interface
glocal,glip,best_-_in_-_class_system
leader,visualization_platform,quality_monitoring
innovation_team,ai_algorithm,telemetry
end_-_to_-_end_manufacturing,brand_marketer,automated
scope,technology_datum,ultra_messaging
multi-modal,speech_recognition,datum_mobility
video_integration,big_datum_application,application_development
coordinate,multitasking,datum_management_technology
bring_together,timely_actionable,real_time_analytic
solution_company,behavioral_science,marketing_mix_modeling
solution_platform,problem_solve,market_feedback
coordination,commerce_datum,flexible
collaborate,technologist,customer_self_-_service
digital_strategy,datum_aggregation,modeling_tool
bi-directional,education_tool,management_information
engineering_platform,research_methodology,cloud_datum
document_management_system,mobile_application,controlled_environment
automation_framework,messaging_experience,workflow_efficiency
messaging_solution,ad_targeting,datum_base
end_-_to_-_end_workflow,keyword_search,organization_design
turnkey_solution,targeting_technology,unstructured_information
data_sharing,self_-_service_option,supplier_management
global_technology,usability,agile_flexible
cooperation,threat_detection,datum_management
share_service,state_-_of_-_the_-_art_tool,tracking_monitoring
technology_competence,crm_datum,automation_and_machine_learning
disseminate,vast_array,security_testing
content_layer,ar_experience,it_technology
network_organization,text_analytic,deployment_process
integration_technology,optimization_engine,best_practice
aggregate,curate_content,cloud_architecture
integrated_solution,centric,network_design
capable,cognitive_computing,logistics_process
cross-segment,assessment_platform,process_workflow
openblue,messaging,ingestion
application_team,productivity_tool,product_development_approach
inter-operate,authenticate_user,failure
unify_architecture,cloud_connectivity,datum_architecture
logistics_solution,brand_safety,siloed
transformation_capability,digital_experience,capture_datum
seamless_connectivity,technology_expert,response_capability
navigation_software,consumer_messaging,debugging
resource,governance_solution,network_environment
satellite_architecture,patient_need,anomaly_detection
business_partnership,user_preference,application_logic
end_-_to_-_end_flow,proprietary_algorithm,optimize_performance
connectivity_network,user_identity,network_analysis
platform_capability,solve,modeling_technique
enterprise_operation,analytical_capability,laboratory_information_system
service_access,flexible_customizable,work_method
solution_program,meeting_experience,compute_intensive
connectivity_tool,custom_solution,system_security
technology_developer,new_capability,policy_control
excellence_center,personalize_customize,organizing
modernize,enriching,dexterity
engineering_capability,wisdom_crowd,tracking_system
cloud_base,subscriber,bandwidth_management
integration,consultative_selling,access_datum
process_owner,learning_path,datum_system
suite,core_proposition,it_resource
platform_management,agent_desktop,customer_data
control_center,segmentation_capability,systematize
deep_knowledge,best_-_in_-_class_content,rearchitect
organization,experience_cloud,industry_best_practice
identity_management_solution,touch_point,cloud_resource
datum_infrastructure,visualization_capability,security_operation
core_technology,medallia,datum_security
client_solution,advanced_analytic,real_time_control
computing_system,business_model_innovation,feed_back
hospital_information_system,analytic_company,datum_reporting
m2m_solution,datum_solution,accountability
product_factory,editing_tool,customer_relationship_management
technology_platform,immersive_experience,siloe
aggregation_platform,collaboration_experience,fraud_detection
cross-functional_team,core_functionality,server_technology
multi-disciplinary,contextual_targeting,digitization
technology_solution_provider,customer_engagement_model,training_tool
security_expertise,application,cloud_delivery
supplier_portal,voice_recognition_technology,it_delivery
platform_level,client_application,analysis_system
implementation_capability,customer_centric,modern_architecture
knowledge_base,cartography,beta_test
core_enabler,highly_configurable,onboarding_process
silo,business_process_management,labor_planning
software_integration,product_approach,data_collection
software_infrastructure,understanding_customer,data_flow
consumer_platform,web_service,big_datum_set
modular_architecture,client_need,datum_collection_process
information_software,end_-_to_-_end_customer,quick
b2b_platform,profit_model,customer_datum_management
breadth_depth,targeting_capability,structured_unstructured
integration_framework,browsing,reactive_proactive
interconnect,analytic_datum,document_processing
api_sdk,shopper_insight,data_gathering
expert_team,communication,bi_platform
state_-_of_-_the_-_art_technology_platform,monetization_solution,cost_transparency
iot_software,engagement_layer,iterative
transport_solution,think_box,bi_tool
harmonize,work_management,sensor_datum
software_engineering,interface_capability,datum_collection
lifecycle_service,cyber_resilience,file_sharing
information_management_service,recommendation_system,real_time_service
federate,science,cloud_native_application
holistic,datum_analytic,business_intelligence_tool
cohesive,customer_experience_platform,supply_chain_planning
network_ecosystem,data,smarter
end_-_to_-_end_ecosystem,device_datum,radical_simplification
dedicated,center_design,expert_system
shape,bespoke_service,architecture_design
agreement,api_technology,real_time_transaction
closed_loop,consumer_profile,technology_environment
hub_spoke,contextual_awareness,standardize
embedding,universality,master_datum
portal,demand_application,security_team
knowledge_transfer,user_-_interface,real_time_basis
connector_technology,patient_engagement,datum_et_cetera
system_provider,authoring_tool,computational_method
support_system,analytic_dashboard,support_process
lifecycle_solution,software_development_tool,development_method
co-innovation,intuitive_easy,compliance_procedure
work_team,information_source,rule_engine
talent_platform,decision_support_tool,datum_protection
domain_expertise,uniquely,master_datum_management
multilingual,machine_translation,customer_management_system
solution_integration,service_model,config
exchange,business_model,marketing_science
supply_chain_collaboration,tool_set,premise_cloud
permeable,consumer_privacy,backend_process
solution_organization,datum_management_tool,software_functionality
technology_management,harness_power,adaption
service_partner,web_tool,datum_structure
technology_lab,interact,process_analysis
federation,audience_datum,performance_monitoring
center_solution,constantly_innovate,datum_operation
cross-product,education_content,harness_datum
work_flow_solution,trust_advisor,workforce_planning
business_enabler,omni_-_channel_distribution,real_time_access
world_-_class_research,datum_management_platform,scalability
sametime,performance_management_software,devops_process
gateway_technology,file_format,simulation_environment
customer_service_operation,product_datum,implementation_tool
coaching,real_time_streaming,transaction_system
smartworks,desktop_tool,business_process_change
training_curriculum,usp,big_datum_infrastructure
connected,digital_technology,speed
customer_service_platform,omnichannel,optimization_capability
solution_system,prescriptive_analytic,datum_optimization
technology_footprint,actionable_insight,compute_power
marketing_platform,analysis_tool,model_training
robotic_capability,demand_capability,security_function
software_/_hardware,customer_workflow,systemize
digital_platform,conversion_tool,storage_retrieval
orchestration_layer,knowledge_worker,simplify_standardize
networking_capability,analytic_system,real_time_optimization
strategic_alliance,engaging,microservice
multi-scale,simplicity_ease,test_automation
proprietary,product_recommendation,transparent
app_integration,orchestration_capability,real_time_pricing
application_lifecycle_management,datum_integration,engineering_process
training_content,pattern_recognition,efficient_implementation
tech_partner,content_management_capability,information_analysis
fully_integrate,devsecops,performance_optimization
distribution_technology,authentication_tool,datum_privacy
platform_ecosystem,work_tool,it_operation
multidisciplinary_team,cloud_collaboration,application_deployment
service_orchestration,real_time_voice,rapid_prototyping
it_connectivity,market_lead_solution,constantly_iterate
development_platform,search_functionality,system_environment
design_chain,audience_segmentation,communication_process
cross-cutting,identify,bid_management
mesh_network,product_designer,artificial_intelligence_robotic
web_system,video_communication,customer_input
interdepartmental,world_-_class_analytic,reporting_capability
platform_element,signal_processing_technology,solution_management
cohesion,datum_science,routine_task
globalize,video_meeting,experience_datum
it_network,problem_statement,real_time_event
content_operation,user_behavior_analytic,data_warehouse
world_-_class_technology,data_centric,datum_movement
specialized,design_model,service_delivery_model
application_program,usage_model,developer_productivity
knowledge_-_sharing,training_platform,real_time_information
integration_system,language_processing,incident_management
support_capability,messaging_platform,preprocess
delivery_tool,it_datum,real_time_technology
cross-disciplinary,solution_orientation,machine_datum
interlock,enterprise_offering,forecasting_tool
datum_partnership,product_matrix,routing_scheduling
mutually_reinforce,reputation_management,security_datum
end_-_to_-_end_integrate_solution,ai_system,process_excellence
asset_management_software,immersive,agile
security_framework,incontrol,reliability_engineering
service_system,end_user_need,observability
interface,tailored,accuracy_timeliness
startup,identity_solution,workforce_scheduling
datum_management_solution,health_journey,human_intervention
video_management,engagement_opportunity,process_consistency
networking_system,music_experience,manual_intervention
supply_chain_support,customer_innovate,user_training
software_ecosystem,reorganize,seamlessness
b2b_solution,best_-_in_-_class_tool,management_dashboard
multi-country,performance_tool,choreography
technology_application,multi-touch,computing_infrastructure
gaming_technology,soa,supply_chain_tool
repository,application_owner,modeling_technology
combine,media_solution,fraud_prevention
output_management,user_experience,real_time_decision_-_making
software_platform,datum_resource,edge_datum
beyond,asset_management_tool,simplify
support_partner,web_application,way_datum
content_center,datum_drive,datum_capture
technology_ecosystem,augmented,it_team
partner_solution,marketing_messaging,traffic_engineering
design_organization,innovate,iterative_process
omni_-_channel_communication,identity_resolution,silico
information_infrastructure,client_problem,datum_standard
end_-_to_-_end_view,insight_engine,sap_hana
world_-_class_security,user_interaction,market_datum
integration_support,loyalty_solution,agility_speed
design_and_engineering_capability,ai_technique,everything
provider_solution,engagement_datum,analytic_et_cetera
business_collaboration,biometric_authentication,cmdb
partner_platform,machine_learning_technique,big_data_analytic
datum_center_solution,speech_analytic,datum_consolidation
interoperable,relationship_marketing,venture
decentral,analytic_team,tracking_tool
platform_perspective,pre-configure,inventory_tracking
solution_service,custom_audience,enterprise_scale
echo_system,identity_graph,supply_chain_process
boundary,voice_application,credit_decisioning
capability_set,consumer_identity,technique
infrastructure_platform,application_datum,member_communication
solution_design,user_scenario,real_time_environment
interoperability,self_-_service_platform,share_best_practice
application_development_capability,box_experience,research_process
omni_channel,service_orientation,issue_resolution
partner_application,personalization_strategy,best_practice_process
seamless_interoperability,identity_use_case,performance_dashboard
customer_ecosystem,marketplace_experience,key_process
multifunctional,visionary,control_algorithm
data_management,custom_workflow,product_planning
device_connectivity,learning_product,engineering_model
align,intelligence_suite,customer_service_process
application_support,ai_model,customer_analysis
delivery_infrastructure,datum_team,datum_transformation
hardware_and_software_capability,datum_type,end_-_to_-_end_performance
it_backbone,user_experience_design,customer_process
gateway,clienteling,network_layer
industry_lead_technology,authentically,interfacing
digital_enablement,intuitive_interface,infosight
industry_partner,end_end,real_time_operation
control_layer,product_messaging,sale_forecasting
enable,workflows,production_control
end_-_to_-_end_software,user_content,organizational_agility
datum_repository,predictive_algorithm,topology
across_globe,customer_innovation,planning_capability
domain_domain,self_-_service_model,front_-_end_application
excellence,feature_functionality,optimization_approach
edge_cloud,graph_database,cloud_tool
platform_standpoint,voice_text,robotic_process_automation
center,agent_experience,information_flow
technology_element,communication_experience,it_perspective
network_innovation,enterprise_requirement,planning_tool
pioneering,voice_search,real_time_visibility
communication_element,go_-_to_-_market_strategy,automate_orchestrate
management_suite,democratization,remediation_capability
mid-office,matching_algorithm,workflow_optimization
enterprise_architecture,unique_differentiated,customer_environment
know_-_how,saas_technology,parallel_processing
identity_system,conversational_ai,threat_datum
call_center_capability,technology_landscape,analytic_program
technology_alliance,multipoint,network_architecture
world_-_class_capability,datum_analytic_solution,customer_feedback
best_-_in_-_class_business,contextual_intelligence,software_environment
orchestrate,reporting_tool,realtime
delivery_strategy,cutting_edge_technology,adaptability
world_-_class_software,buyer,security_protection
service_offering,ai_perspective,scripting
go_-_to_-_market_solution,technology_skill,navigational
best_breed,omni_-_channel_commerce,experiment
ecostruxure,building_software,go_-_to_-_market_process
cutting_-_edge_solution,intelligent,customization
decentralized,extensibility,modeling_simulation
collective_intelligence,market_need,technology_perspective
technology_capability,mapping_capability,digitalization
solution_technology,remove_friction,policy_deployment
solution_support,cross-screen,process_change
content_delivery_platform,teacher_student,automation_engine
join_-_up,frictionless,agile_nimble
end_-_to_-_end_service,business_professional,network_topology
innovative,advertiser_publisher,datum_store
data_repository,designer_developer,technology_structure
media_capability,simulation_solution,pragmatism
tool_provider,conversational_interface,sale_force_management
datum_hub,engage_platform,decision_-_making
delivery_organization,document_workflow,deduplication
work_collaboratively,customer_lifestyle,it_automation
healthcare_platform,datum_science_team,image_acquisition
software_technology,eliminate_friction,datum_accumulation
operation_system,configuration_tool,cloud_environment
content_service,personality,datum_quality
wealth_management_technology,device_control,system_functionality
security_platform,application_awareness,it_organization
innovation_partner,big_datum_analytic,customer_acquisition_process
best_-_in_-_class_application,user_application,analytic_group
end_-_to_-_end_application,storytelling,self_-_healing
consumer_engagement_platform,solve_problem,datum_transfer
knowledge_center,buying_experience,test_environment
api_platform,application_set,openness
datum_fusion,state_-_of_-_the_-_art_solution,process_parameter
platform_support,chatbot,talent_management_system
joint_venture,gamification,data_mining
digitalize,designer_engineer,behind_scene
management_solution,provider_experience,process_management
operation_technology,user_request,aiml
health_system,content_creation,platforming
design_expertise,conversational_commerce,multi-tenancy
deep_expertise,datum_pipeline,datum_utilization
ecosystem_platform,enterprise,technology_enablement
system_support,messaging_tool,decision_model
api_capability,smartsheet,diffusion
engineering_partner,business_analytic,software_program
copilot,customer_analytic,implement
connective_tissue,collaboration_technology,real_time_inventory
solution_perspective,customer_lifecycle_management,continually_refine
automation_capability,infuse_ai,datum_classification
co-design,presentation_layer,auditability
mapping_solution,consumer_intent,operating_process
automation_provider,guest_journey,datum_distribution
connect,listening,artificial_intelligence_algorithm
platform_offering,interaction,analytic_infrastructure
it_strategy,b2b_marketing,monitoring_capability
transportation_platform,core_value_prop,measurement_tool
security_fabric,intelligent_automation,scrum
talent,sensing,market_data
networking_platform,reinvent,visibility_solution
crm_software,datum_cloud,customer_system
solution_provider,search_experience,core_business_process
cloud_support,media_management,anti-fraud
datum_relationship,geospatial_intelligence,customer_datum
fulfillment_platform,enterprise_-_level,security_model
research_network,highly_customized,streamline
cross-company,direct_-_to_-_consumer_approach,product_customization
api_connectivity,analytic_model,engineering_knowledge
software_capability,enterprise_technology,governance_compliance
access,machine_learning_ai,task_management
skill_competency,degree_view,implementation_methodology
natively_integrate,state_-_of_-_the_-_art_platform,flexible_responsive
system_partner,video_tool,simplicity
application_system,video_analytic,it_standpoint
software_suite,analysis_software,ci_/_cd_pipeline
alignment,administration_tool,informed_decision_make
amalgamate,visualization_tool,pre-processing
connective,locally_relevant,ingest
tightly_integrate,voice_analytic,intelligently
communication_partner,differentiation,datum_fabric
communication_solution,datum_connectivity,decisioning
application_offering,ai_and_machine_learning_capability,datum_validation
datum_environment,toolkit,flat
system_software,voice_communication,process_flow
optimization_platform,software_interface,resource_planning
multidiscipline,voice_technology,big_datum_environment
platform_suite,datum_visualization,business_intelligence_system
harness,smart_data,data_access
modern,knowledge_graph,control_element
execution_platform,software_architecture,datum_interpretation
technology_software,development_software,datum_manipulation
architecture_perspective,self_-_service_application,fulfillment_process
media_asset_management,serve_up,system_process
multi-platform,business_technology,data_layer
control_tower,end_user_experience,pricing_software
mobility_technology,devsecop,change_management_process
information_management,identity_platform,ip_environment
solution_software,engineering_solution,learning_cycle
sensor_integration,business_application,performance_tracking
service_expertise,adobe_experience_cloud,real_time_monitoring
integration_service,pedagogy,algorithm_development
interworking,datum_collection_capability,application_performance
technology_team,content,best_-_in_-_class_process
multimodality,video_capability,end_-_to_-_end_process
automation_software,digital_transformation,product_creation
stitch_together,algorithmically,customer_-_centricity
world_class_capability,multi-language,process_discipline
distribution_ecosystem,customer_capability,requirement_management
energy_management_software,software_application,sophistication
consulting_partner,real_time_nature,feedback_loop
coordinated,content_integration,orchestration
procurement_platform,smart_datum,optimization_technology
technology_offering,twilio,core_process
domain_knowledge,cloud,processing_datum
composable,datum_analysis_tool,scanning_technology
pre-integrate,crowd_-_sourcing,re-architecture
knowledge_sharing,communication_vehicle,machine_learning_artificial
industry_domain,productized,streamlined
iot_system,visualization_software,enterprise_planning
project_datum,api_service,failover
navigation_solution,software_process,big_datum
technology_layer,omnichannel_experience,state_-_of_-_the_-_art_system
pan-european,communication_platform,caching
training_certification,speech_technology,image_analysis
critical,fresh,design_process
connectivity_capability,web_analytic,order_processing
workbench,multi-dimensional,structure_datum
multi-local,cloud_api,enterprise_process
cloud_platform,simple_elegant,service_delivery
ensemble,zoominfo,utility_computing
front_-_end_solution,companion_app,data_capture
collaboration_platform,devops_team,allocation
cross-sector,consulting_offering,detect_threat
building_automation_system,customer_application,flexible_agile
management_capability,analytic_component,design_methodology
partner,technology_experience,change_process
cross-functional,security_compliance,configurability
consortia,content_datum,workflow_perspective
precision_medicine_platform,geo_location,network_monitoring
network_control,technology_model,microservice_architecture
proven_expertise,shelf_solution,datum_availability
natural_extension,workflow_technology,it_performance
cross_industry,multifactor_authentication,analytical_rigor
team_messaging,content_community,control_plane
data_system,personalization_engine,design_manufacturability
technology_basis,cybersecurity_solution,technology_delivery
software_development_capability,dashboard,application_et_cetera
go_-_to_-_market_platform,sharing_capability,forecasting_capability
end_-_to_-_end_capability,developer_ecosystem,traffic_analysis
transversal,marketing_software,process_integration
learning_platform,play_experience,real_time_feedback
solution_group,customer_knowledge,pricing_engine
service_support,video_calling,software_configuration
enterprise_asset,advertiser,automation_and_artificial_intelligence
communication_protocol,production_workflow,navigation_tool
distribution_network,media_experience,enterprise_datum_warehouse
api_layer,inspire,software_datum
custom_software,voice_biometric,ai_training
multichannel_capability,value_preposition,datum_tracking
partner_service,datum_layer,information_processing
provider,social_listening,workflow_system
customer_network,voice_control,monitoring_tool
world_-_class_infrastructure,help_center,system_landscape
enablement_capability,real_time_connection,datum_access
provider_portal,datum_signal,speed_agility
competency,manager_solution,datum_migration
cloud_voice,mindset,decentralize
intellectual_capital,brand_design,streamline_workflow
end_-_to_-_end_service_offering,customizable,explore
network_intelligence,core_feature,process_information
technology_component,identification,efficient_organization
ecosystem_play,scan,datum_accessible
end_-_to_-_end_delivery,voice_recognition,project_management_system
product_partner,ml_ai,engineering_datum
information_sharing,customer_intelligence,agility
supply_chain_expertise,safer_gambling,programming_tool
central_service,enterprise_workflow,workflow_process
content_management_platform,box_functionality,testing_environment
interoperability_capability,consumer_world,datum_site
healthcare_informatics,health_engagement,people_datum
multivendor,solution_orient,parallelize
end_-_to_-_end_connectivity,big_datum_solution,datum_cleansing
iot_solution,segmentation_model,real_time_reporting
group_capability,differentiate,inoperability
healthcare_ecosystem,creativity,flexible_adaptable
multimodal,it_pro,analytical
collaborate_closely,marketing_technology,intelligence_gathering
turnkey_approach,real_time_solution,ai_machine_learning
mutual,adobe_creative_cloud,learning
solution_partner,micro_service,hardware_design
backbone,intuitive_user_interface,manual_process
control_capability,datum_analytic_software,smartconnect
operating_system,consultative_approach,change_management
cutting_-_edge,support_technology,troubleshooting
world_-_class_expertise,freemium,assurance_solution
software_system,obsessive,service_monitoring
analysis_solution,community_experience,file_management
logistics_platform,aiop,datum_governance
iot_ecosystem,knowledge_management,back_-_end_system
application_ecosystem,end_-_to_-_end_approach,it_department
cloud_access,digitally_enable,real_time_weather
native,artificial_intelligent,security_management
long_term_partnership,buyer_persona,crm_system
distribution_management,consumer_engagement,cybersecurity_protection
establish,identity_capability,process_simplification
content_publishing,real_time_messaging,pricing_intelligence
command_control,sale_analytic,situational_awareness
smart_building,brand_experience,technology_advancement
business_expertise,fit_-_for_-_purpose_solution,project_management_tool
multi-discipline,alteryx,innovation_process
ehr_platform,customer_insight,real_time_management
partner_approach,consumer_ecosystem,cross-functional_collaboration
center_excellence,behavior_analytic,user_testing
content_delivery_service,offer_management,implementation_approach
strategic_partnership,patient,product_lifecycle_management
technology_supplier,analytic_tool,simulation_modeling
integration_point,business_tool,analysis_capability
symbiosis,datum_insight,it_management
collaboration_service,talend,3d_modeling
system_offering,expert_advice,datum_mining_tool
competency_center,enterprise_solution,insight_glean
print_management,usage_scenario,decision_make
trust,core_value_proposition,work_system
operation_management,machine_learning_model,fault_tolerance
information_management_system,datum_management_capability,automate_digitize
3d_visualization,new_solution,process_et_cetera
ecosystem_relationship,healthcare_datum,textual
extensible,custom_analytic,customer_connectivity
innovation_function,buyer_need,real_time_way
saas_capability,tool,saas_application
solution_development,data_integration_capability,collect_information
network_platform,real_time_enterprise,datum_input
integrate_with,design_technology,delivery_process
domain_expert,onboarding_experience,security_control
specialize,tailored_solution,big_data
collaboratively,core_use_case,manually_intensive
bespoke,customer_software,grid_computing
pan-regional,client,technology_work
management_platform,market_knowledge,batch_processing
technology_design,tailor_solution,real_time_datum
system_approach,analytic,business_logic
authentication_authorization,content_creation_tool,non-disruptive
digitalized,identity_security,modeling_capability
knowledge_knowhow,b2b_world,nimble_agile
asset_lifecycle,serve_it_up,plant_process
billing_solution,customer_want,mapping
mobility_capability,membership_experience,productization
facilitate,delivery_model,real_time_fashion
ecosystem_player,demand_access,efficiently_effectively
application_integration,enterprise_analytic,software_automation
software_provider,omnichannel_commerce,datum_process
backend_service,analytic_perspective,analysis_platform
health_information_exchange,ai_service,real_time_processing
valuable,notification_system,management_operating_system
placemaking,customer_engagement,new_tool
technology_integration,machine_intelligence,bioinformatic
delivery_platform,trend,deterministic
cross-functionally,marketing_segmentation,site_performance
industry_specific_solution,user_control,optimization_tool
technology_integrator,software_-_as_-_a-service_platform,qa_process
house_agency,design_collaboration,open
compliance_platform,perception_system,capacity_planning
end_-_to_-_end_cloud,use_case,memory_computing
co-create,citizen_datum_scientist,people_process
connectivity_strategy,datum_scientist,real_time_capability
business_function,ai_software,datum_control
partnership_strategy,demand_technology,it_stack
informatic,data_integration,cloud_computing_environment
supply_chain_service,experience_management,datum_source
service_suite,concept,glean_insight
solution_architecture,user_expectation,datum_mining
uniquely_position,ui_/_ux,simple
intertwine,zoom_teams,templatize
industry_workflow,content_application,customer_information
package_solution,datum_model,back_-_end_infrastructure
interoperability_solution,rethink,predictive_modeling
engineering_consultancy,mhealth,process_standardization
jointly,ai_product,datum_monitoring
core_platform,developer_tool,real_time_application
business_solution,ai_infrastructure,security_aspect
end_-_to_-_end_solution,teaching_learning,governance_capability
alliance,effortless,back_-_office_process
infrastructure_technology,machine_learning_application,user_acceptance
network_assurance,database_capability,interphase
support_platform,expert_service,real_time_assessment
solution_component,video_solution,bi_solution
engineering_competency,authentication_process,regression_testing
operation_capability,analytic_offering,demand_forecasting
onramp,web_technology,workflow_improvement
platform_component,tailor_make,simplified_streamlined
customer_success_platform,datum_engineer,image_datum
world_-_class_solution,self_-_expression,bi_analytic
ip_platform,consumer_technology,real_time_tracking
back_-_end_platform,personalized,service_design
service_approach,business_analyst,virtualization
world_-_class_distribution,identity_service,datum_collection_system
physician_portal,multidimensional,datum_stewardship
society,iot_technology,leverage_cloud
end_-_to_-_end_infrastructure,sharing_experience,datum_transmission
technology_sharing,customization_capability,application_infrastructure
middle_ware,business_intelligence_capability,devops_environment
application_optimization,client_value,version_control
technology_partnership,web_content,hierarchical
end_-_to_-_end_offering,acxiom,ai_development
world_-_class_design,crowdsource,aiops
meshing,innovation_creativity,engineering_tool
hardware_and_software_solution,superpower,it_structure
information_integration,marketer_publisher,technological_advancement
symbiotic,toolset,self_-_provisioning
datum_platform,visualization_technology,backend_system
multidisciplinary,vision_solution,product_process
solution_capability,graphical_user_interface,design_perspective
exchange_technology,real_time_experience,database_work
end_-_to_-_end_operation,learning_environment,database_architecture
middleware_solution,building_application,selection_tool
aggregation_capability,insight_tool,iterate
tight_coupling,workflow_application,customer_security
end_-_to_-_end_development,business_innovation,iteratively
software_partner,routing_capability,automation_orchestration
federated,entrepreneur,system_tool
system_application,information_collection,business_automation
software_stack,badging,business_intelligence_application
business_department,real_time_network,responsiveness
modularize,learning_solution,simpler
management_support,sophisticate,deployment_capability
retail_solution,customer_touchpoint,information_security
maas,business_workflow,helpdesk
management_architecture,entrepreneurial,prediction_model
e-commerce_technology,semantic_search,cloud_scale
management_system,consumer_journey,performance_benchmarking
complementary,datum_drive_insight,agile_devop
payment_ecosystem,interactivity,software_programming
end_-_to_-_end_model,face_recognition,response_time
core_technology_platform,healthcare_communication,decision_support_system
technology_domain,personalized_recommendation,a_/_b_testing
distribution_capability,individualize,bandwidth_latency
ecosystem_service,end_customer,oltp
supply_chain_solution,marketing_automation,nimbleness
plug_-_and_-_play,service_functionality,customer_operation
content_technology,core_workflow,visioning
service_integration,customer_community,process_re-engineering
partner_system,customer_datum_platform,engineering_information
technology_vendor,e-commerce_engine,datum_gather
e-health,voice_experience,development_methodology
end_-_to_-_end_platform,desktop_application,business_management_system
communication_network,marketing_datum,datum_extraction
ecosystem_model,cross_platform,it_infrastructure
autonomous,modern_workplace,activity_management
innovation_service,multichannel_marketing,customer_education
enterprise_datum_management,actionable_intelligence,application_delivery
monitoring_platform,web_experience,system_administration
customer_experience_team,self_-_service_portal,automation_technique
powerful,client_interface,user_friendly
platform_architecture,e-mail_solution,datum_science_model
e-commerce_software,creativity_innovation,security_infrastructure
across_boundary,sentiment_analysis,threat_assessment
service_provision,servicenow_platform,workflow_management
simulation_platform,user_profile,customer_integration
health_network,engagement_strategy,user_friendliness
control_architecture,campaign_management,world_-_class_tool
asset_management_solution,commerce,datum_engineering
workflow_platform,network_analytic,experimentation
customer_contact_center,ideation,operation_process
innovation_unit,customize,root_cause_analysis
customer_communication_management,self_-_service_capability,real_time_situational_awareness
autonomy,healthcare_consumer,network_visibility
product_development_system,security_tool,keep_pace
platform_solution,e-mail_management,house_datum
cross-divisional,personalization_technology,scorecarding
image_management,crm_solution,robotic_artificial_intelligence
service_engine,user_community,campaign_planning
research_platform,seamless_mobility,datum_analysis
network_management,web_design,compliance_management
end_end_solution,analytic_layer,automate_workflow
content_delivery_network,authentication_technology,management_tool
box_integration,application_experience,analytic_environment
likeminded,real_time_communication,lab_environment
software_development_kit,consumer_targeting,box_relay
management_software,reshape,performance_management_tool
architected,crm_strategy,fault_management
network,preconfigured,pricing_technology
marketing_service,user,multi-data
interconnectivity,pay_per_use,plant_floor
collaboration_effort,user_group,reusability
automation_solution,location_service,migration_tool
plug_play,engineering_community,robotic_automation
communication_technology,insight_capability,technology_et_cetera
end_-_to_-_end_provider,language_learning,artificial_intelligence_machine_learning
consistency,digitally,monitoring_software
data_solution,identity_product,application_architecture
service_delivery_capability,data_streams,smartness
technology_framework,commerce_capability,standardize_simplify
innovation_hub,datum_streaming,gdpr_compliant
knit_together,social_media,datum_feedback
service_delivery_management,software,design_technique
team_approach,holistic_advice,real_time
reference_architecture,client_information,client_datum
integrate_in,business_process_automation,security_protocol
communication_capability,marketplace_approach,decision_engine
share_technology,discoverability,iot_datum
enablement_platform,user_information,automate_manual
service_technology,business_need,real_time_analysis
informatics_platform,machine_learning_capability,tool_et_cetera
join_up,end_user_perspective,supply_chain_visibility
account_system,analytic_module,real_time_dashboard
complement,decision_support,fraud_monitoring
platform_expertise,intelligent_routing,accuracy_precision
world_-_class,content_discovery,platform_security
information_exchange,consumer_experience,datum_transparency
world_-_class_supply_chain,cross-platform,software_development_process
transformation_solution,sensor_solution,best_practice_implementation
front_-_end_capability,consumer_face,agile_devops
datum_sharing,front_-_end_experience,ab_test
collaborative,real_time_collaboration,service_process
workspace_management,media_measurement,datum_replication
unique,real_time_content,management_process
command_center,interaction_model,central_repository
processing_engine,recommender,aggregate_datum
management_framework,empathetic,bit_byte
around_globe,consumer,datum_entry
warehouse_solution,personalize,end_end_process
vibrant_ecosystem,data_management_platform,massively_parallel
platform_organization,research_information,qa_testing
workflow_product,filtering_capability,scheduling_tool
interdependent,end_-_to_-_end_technology,performance_management_capability
innovation_group,device,datum_delivery
world_class_technology,content_optimization,laboratory_workflow
information_management_solution,deep_understanding,efficient_structure
solution_team,orchestration_automation,automation_process
application_suite,information_intelligence,tracking_process
content_sharing,media_datum,customer_portal
foundation,saas_platform,revenue_management_process
end_-_to_-_end_supply_chain,meta_datum,self_-_learning
network_operation_center,mobile_interface,datum_warehouse
collaboration_work,targeting_solution,it_environment
cross-enterprise,location_information,ingest_datum
automation_platform,application_need,workflow_management_tool
architecture_team,customize_personalize,gps_tracking
industry_platform,analytic_platform,visibility_tool
share_resource,marketplace_solution,query_language
mobility_management,holistic_approach,house_tool
platform_layer,customized_solution,web_datum
web_content_management,vision,nimble
tightly_knit,system_understanding,speed_decision_making
business_functionality,ad_solution,file_system
enterprise_service,spotting,datum_provision
workplace_service,anywhere_anytime,activation_process
best_-_of_-_breed_application,architecture,react
b2b_distribution,machine_learning_system,file_storage
integration_center,discovery_experience,dashboard_dashboard
customer_infrastructure,zendesk,datum_format
collaboration,innovation_model,assessment_system
multi-domain,business_discovery,disaster_recovery_business_continuity
travel_content,value_proposition,speedily
workday_platform,desktop_app,routing_technology
tool_chain,multi-device,ai_component
span,adaptive_learning,scheduling_system
ecosystem_partner,voice_ai,efficiency_effectiveness
leverage_synergy,matchmaker,learn
client_access,omni_-_channel_marketing,storage_resource
pre-integrated,audience_manager,analytic_package
modular,subscription,security_posture
world_-_class_innovation,security_analytic,speed_decision_-_making
datum_exchange,search_tool,permissioning
end_-_to_-_end_opportunity,drive_innovation,manufacturing_execution_system
domain_controller,digital_tool,merchandising_process
technology_enabler,self_-_service_product,dashboarding
service_framework,technology_strategy,ambidextrous
software_layer,datum_enrichment,data_lake
best_-_of_-_breed_capability,product_function,multi-cloud_environment
service_hub,data_model,automate
industry_consortium,database_management,datum_lifecycle
seamlessly_connect,innovation_solution,anonymize_datum
collaboration_center,social_networking,standardization
partner_portal,innovatively,evolve
technology_department,workflow_solution,efficiently
technical_expertise,custom_application,enterprise_resource
it_ecosystem,design_language,efficient
networked,relevance,itil
marketing_collaboration,insight,process_model
software_design,artificial_intelligence,database_platform
integration_platform,buying_process,replication_technology
distribution_platform,end_-_user_experience,database
house_design,customer_search,ab_testing
company_solution,self_service,business_intelligence
online_offline,courage,demand_planning
customer_center,voice_assistant,workload_management
partner_network,relevancy,unstructured
co-innovate,customer_engagement_solution,messaging_system
market_lead_capability,hyper_local,flexibility_adaptability
connectivity,best_-_in_-_class_solution,network_information
e-commerce_solution,search_algorithm,real_time_measurement
software_control,identity_identity,data_integration_project
application_platform,tech_capability,security_policy
ecosystem_partnership,precision_marketing,informatics_capability
technology_support,micro-segmentation,validation_capability
system_integrator,cloud_telephony,complexity
health_ecosystem,crm_platform,decentralization
cost_effective,engage,network_datum
system_network,embrace,s&op_process
network_capability,end_use_case,real_time_business
developer,navigation_capability,efficiency_tool
commerce_strategy,omni_-_channel_solution,accelerate
co-operation,self_-_service_analytic,re-architect
partnership,ui_ux,real_time_action
content_management_system,thought_leadership,predictive_maintenance
break_down_silo,end_-_to_-_end_experience,actionable
industry_ecosystem,application_developer,customer_reporting
technology_foundation,platform_feature,compliance_monitoring
management_integration,3d_design,cloud_automation
delivery_partner,productize,slowness
development_technology,customer_interaction,workflow_automation
cross-fertilization,mission,route_planning
interdisciplinary,omnichannel_approach,adaptive
specialist,archetype,cloud_technology
quality_management,citizen_developer,service_creation
control_platform,home_experience,product_datum_management
infrastructure,facial_recognition,it_landscape
developer_platform,geo_-_targeting,
technology_partner,personalize_messaging,
innovation_center,mass_customization,
fintech_solution,product_catalog,
design_practice,advanced_visualization,
world_-_class_platform,client_workflow,
management_technology,end_-_to_-_end_customer_experience,
back_-_end_service,observability_platform,
fully_fledged,real_time_platform,
information_platform,segmentation_tool,
core_competency,crowd_sourcing,
best_-_in_-_class_technology_platform,whiteboarding,
cloud_capability,service_information,
end_-_to_-_end_system,searching,
telematic_platform,advertising_technology,
community_healthcare,business_software,
technology_provider,system_architect,
software_expertise,customer_tool,
software_management,cloud_communication_platform,
datum_management_system,management_cloud,
foundation_technology,customer_segmentation,
subject_matter_expert,profit_potential,
host_system,communication_tool,
inter-operable,it_leader,
data_aggregation,intimacy,
platform_partnership,social_interaction,
jadc2,consumer_-_grade,
network_software,security_operation_team,
end_-_to_-_end_network,web_environment,
world_-_class_partner,customer_use_case,
end_-_to_-_end_suite,ai_feature,
enterprise_content_management,unique_value_proposition,
operation_software,assessment_tool,
platform_concept,insight_team,
entertainment_ecosystem,alert_notification,
network_domain,industry_insight,
datum_ecosystem,geofencing,
it_expertise,videoconferencing,
platform_team,visualization_solution,
user_authentication,tip_sphere,
middleware_software,ideate,
solutioning,real_time_chat,
risk_management_platform,contextual,
platform_infrastructure,best_-_in_-_class_security,
front_-_end_platform,customer_journey,
enablement_service,uniquely_tailor,
best_-_of_-_breed_technology,consumer_interface,
technology_network,passion,
stovepipe,customer_value,
tech_platform,building_tool,
ecosystem_approach,non-technical_user,
end_-_to_-_end_support,app_development,
network_manager,gui,
enterprise_capability,ad_experience,
information_architecture,cloud_experience,
payment_infrastructure,threat_defense,
omnichannel_platform,go_-_to_-_market_approach,
automation_suite,enterprise_-_grade,
hybrid_cloud_solution,empowering,
subscription_management,profile_datum,
technology_solution,customer_pain_point,
technology_backbone,customer_service_model,
solution_offering,personalization_capability,
careaware,chat_capability,
abstraction_layer,web_app,
exchange_network,drag_-_and_-_drop,
technology_hub,verification_solution,
content_management,data_stream,
infrastructure_solution,practitioner,
supplier_partnership,advertising_tool,
ecosystem_perspective,connected_enterprise,
eco-system,consumerize,
scalable,shopper_need,
solution_et_cetera,personalization_feature,
engineering_skill,contact_center_application,
trusted,omni_-_channel_approach,
delivery_solution,learning_system,
commerce_service,information_insight,
technology_organization,business_insight,
product_service,world_-_class_product,
support_environment,algorithmic,
system_technology,customer_intimacy,
video_-_conferencing,advertising_solution,
intercloud,security_intelligence,
partnership_platform,contextually,
asset_management_system,datum_mining_capability,
commerce_solution,product_solution,
communication_hub,redefine,
ims_platform,enterprise_search,
vivaki,product_search,
omni_-_commerce,real_time_intelligence,
product_expertise,linguistic,
optimization_service,customer_experience,
service_platform,data_science,
unifying,analytic_engine,
innovation_network,best_-_of_-_breed_point_solution,
end_-_to_-_end_basis,answer_bot,
sourcing_solution,ai_ml,
state_-_of_-_the_-_art_technology,image_recognition,
unify,upwork,
house_technology,mastery,
centralize,data_capability,
it_solution,management_functionality,
member_organization,omni_-_channel_environment,
mindsphere,machine_identity,
process_expertise,platform_power,
ip,target_customer,
iot_platform,video_creation,
network_automation,smartphone_app,
orchestration_software,tracking_capability,
enablement,business_problem,
centralized_standardized,training_datum,
competence_center,propensity_model,
enterprise_approach,value_prop,
operation_service,multiphysic,
knowledge,innovation_approach,
technology_collaboration,digital_marketing,
technology_core,configuration_capability,
medianet,commerce_experience,
core_competence,information_delivery,
future_proofed,member_journey,
platform,collaboration_application,
umbrella,recommendation_engine,
end_-_to_-_end_product,marketing_analytic,
platform_partner,product_experience,
networking_software,pay_use,
end_-_to_-_end_perspective,buyer_journey,
innovation_lab,service_layer,
infrastructure_offering,crm_application,
core_backbone,patient_problem,
enterprise_platform,application_functionality,
e-learning_platform,commerce_engine,
cross_pollination,category_insight,
specialist_service,self_-_service_tool,
system_engineering,consumer_insight,
automation_offering,search_solution,
stop_shop,intuitive,
best_-_in_-_class_partner,domo,
fusion_center,marketing_offering,
fintech_partner,fraud_tool,
commerce_ecosystem,effortlessly,
empowerment,network_concept,
group_technology,streaming_technology,
cloud_ecosystem,big_datum_platform,
centers_excellence,communication_layer,
enablement_solution,analytics,
end_-_to_-_end_technology_solution,reimagine,
portfolio_solution,analytic_service,
offering,tech_stack,
consulting_expertise,bespoke_solution,
communication_offering,saas_tool,
account_management_system,customer_technology,
routing_engine,engagement_technology,
cybersecurity_platform,marketing_message,
technology_knowledge,omni_-_channel,
operation_platform,guidance_solution,
digital_operation,support_model,
security_ecosystem,platform_play,
cloud_system,product_vision,
enterprise_integration,customer_need,
software_supplier,developer_community,
innovation_system,security_professional,
synchronization,hipaa_compliant,
system_player,purchase_experience,
harmonious,digital_engagement,
capability_et_cetera,computing_experience,
end_-_to_-_end_security,product_team,
world_-_class_datum,state_-_of_-_the_-_art_software,
integrate,market_lead_technology,
management_center,challenge_status_quo,
multi-disciplined,unleash_power,
reporting_solution,alexa,
professionalize,application_access,
technology_expertise,object_recognition,
breadth,activation_capability,
supply_chain_management_solution,cloud_application,
solution_delivery,b2b_commerce,
voice_solution,mindfulness,
service_module,end_-_to_-_end_automation,
platform_operator,identity,
industry_alliance,groundbreaking,
unite,behavioral_analytic,
hardware_agnostic,digital_solution,
healthcare_capability,intent_datum,
communication_software,work_style,
brand_umbrella,crm_functionality,
software_solution,security_technology,
footprint,search_feature,
conferencing_collaboration,programming_language,
infrastructure_partner,risk_taking,
accountability_model,augment_intelligence,
seamless,consumer_centric,
comprehensive_suite,intelligent_connected,
front_-_end_service,search_application,
developer_network,customization_personalization,
cyber_defense,information_lifecycle_management,
enabler,tip_trick,
technology_base,b2b_marketer,
knowledge_management_system,curation,
multi-disciplinary_team,re-imagine,
network_engineering,omni_-_channel_engagement,
integrator,datum_collaboration,
multi-access,cutting_edge,
gateway_capability,cross-device,
ip_management,content_system,
connectivity_platform,real_time_interaction,
datum_backbone,communication_skill,
hardware_software,novel_solution,
collective,artificial_intelligence_and_machine_learning,
location_capability,gamify,
supply_chain_offering,call_center_solution,
turnkey_system,content_repository,
service_delivery_platform,curate,
competence,customized,
management_organization,measurement_capability,
multi-vendor,technology_approach,
product_provider,heuristic,
compliance_capability,machine_learning_technology,
partner_capability,behavior_modification,
scada,engagement,
setup,hyper_personalization,
business_organization,hyper_personalized,
solution_framework,splunk,
product_ecosystem,truly,
multi-model,ai_/_ml,
borderless,geo_-_location,
integration_solution,messaging_strategy,
world_class,centricity,
software_framework,healthcare_information,
seamlessly_integrate,yext,
end_-_to_-_end_integration,intelligence,
enterprise_marketing,content_experience,
cross-fertilize,audacity,
cohesively,metaverse,
hardware_partner,alteryx_platform,
system_strategy,natural_language_processing,
education_platform,observation,
workplace_management,publisher_advertiser,
co-creation,location_awareness,
communication_collaboration,machine_-_learning_capability,
application_design,software_algorithm,
innovation_ecosystem,predictive_prescriptive,
foster,highly_engaging,
marketing_ecosystem,support_tool,
application_programming_interface,chat_bot,
local,endpoint_management,
technology_service_provider,ai_datum,
system_integration_partner,content_solution,
partner_management,client_experience,
policy_engine,enterprise_use_case,
robo_advisory,developer_environment,
integration_layer,consumer_interaction,
industry_expertise,technology_tool,
commerce_technology,conversational,
reach,demand_solution,
connectivity_solution,way_organization,
industry_utility,software_engine,
center_technology,security_need,
consulting_capability,add_value,
world_-_class_content,client_communication,
it_capability,ml_model,
blockchain_solution,differentiate_value_proposition,
end_-_to_-_end_business_process,surveymonkey,
core_capability,security_architecture,
interoperate,datum_analytic_platform,
infuse,machine_learning_tool,
application_solution,authentication_capability,
development_ecosystem,app_ecosystem,
integrated,customer_experience_management,
ict_solution,culturally_relevant,
engineering_and_manufacturing_capability,learning_content,
collaboration_system,cutting_-_edge_technology,
integrative,software_innovation,
content_aggregation,multi-media,
solution_center,individualization,
centralized,security_privacy,
partner_opportunity,data_platform,
eco_system,innovation,
integration_tool,content_collaboration,
technology_stack,security_operation_center,
end_-_to_-_end_management,messaging_application,
industry_solution,information_analytic,
integration_partner,service_catalog,
multi-energy,datum_and_analytic_capability,
customer_service_organization,marketer,
network_cloud,recommendation_algorithm,
design_capability,3d_graphic,
system_integration_capability,personalization_customization,
relationship_management,video_cloud,
service_management_platform,real_time_visualization,
partner_organization,user_need,
aws_cloud,e-commerce_application,
infrastructure_provider,design_solution,
solution_standpoint,community_intelligence,
customer_care_solution,versioning,
content_hub,functionality,
b2b_offering,solution,
cross-media,cloud_analytic,
development_road_map,real_time_marketing,
scaleable,marketing_content,
technology_suite,engagement_capability,
content_management_solution,seamless_intuitive,
logistics_expert,datum_capability,
integral,blogging,
solution_suite,decision_science,
contact_center_solution,way_technology,
hub,service_experience,
network_management_system,synchronous_asynchronous,
support,ai_bot,
,home_user,
,streaming_datum,
,anticipate,
,community_building,
,shopper,
,big_datum_analysis,
,deep_learning,
,big_datum_technology,
,security_layer,
,business_intelligence_platform,
,enterprise_intelligence,
,analytic_product,
,communication_channel,
,alert,
,sophisticated,
,business_architecture,
,communication_strategy,
,real_time_3d,
,experience_platform,
,information_solution,
,business_case,
,asana,
,customer_centricity,
,marketplace_capability,
,real_time_response,
,learning_capability,
,crm_tool,
,technology_vision,
,app_environment,
,consumer_segmentation,
,engagement_engine,
,deeper_richer,
,experience_product,
,ai_artificial_intelligence,
,customer_engagement_platform,
,simulation_capability,
,computer_vision_technology,
,identifier,
,personal_assistant,
,product_discovery,
,innovation_technology,
,uniquely_capable,
,cloud_app,
,datum_foundation,
,user_behavior,
,management_feature,
,intelligence_technology,
,customer_problem,
,customer_understanding,
,consumerization,
,campaign_management_tool,
,choice,
,customer_engagement_tool,
,analytic_technology,
,video_chat,
,customer_orient,
,autodesk,
,client_technology,
,seamless_frictionless,
,web3,
,personalization_tool,
,computing_platform,
,planning_solution,
,datum_tool,
,performance_analytic,
,endpoint_device,
,people_access,
,customer_solution,
,user_problem,
,marketing_stack,
,visualization,
,shopping_experience,
,technology_innovation,
,end_market,
,intelligence_layer,
,anytime_anywhere,
,inspirational,
,authenticity,
,artificial_intelligence_ai,
,product_architecture,
,predictive_intelligence,
,app_et_cetera,
,metadata_management,
,multi-screen,
,marketeer,
,user_interface_design,
,self_-_care,
,device_security,
,flagship_application,
,platform_experience,
,network_access_control,
,marketplace,
,sale_conversation,
,cross-channel,
,ai_innovation,
,user_generate_content,
,enterprise_grade,
,policy_management,
,e-commerce_experience,
,application_framework,
,marketing_world,
,application_layer,
,web_interface,
,human_interaction,
,productivity_solution,
,datum_innovation,
,design,
,communication_feature,
,end_-_user,
,consumer_need,
,information_capability,
,it_user,
,leverage_datum,
,concierge,
,real_time_insight,
,best_-_of_-_breed_solution,
,voice_interaction,
,business_performance_management,
,software_development_lifecycle,
,enterprise_software_platform,
,big_datum_capability,
,alarm_management,
,engagement_model,
,learning_technology,
,power_user,
,collaboration_capability,
,consumerized,
,rapidresponse,
,customer_communication,
,optimization_algorithm,
,delivery_mechanism,
,customer_engagement_strategy,
,graphical_interface,
,risk_analytic,
,population_health_management,
,embodiment,
,mobility_experience,
,ai_engine,
,authentication_solution,
,intelligent_enterprise,
,persona,
,ai_and_ml,
,experience_layer,
,customer_experience_solution,
,customer_mission,
,application_content,
,enterprise_reporting,
,analytic_application,
,experience_solution,
,real_time_connectivity,
,interact_with,
,software_analytic,
,source_truth,
,content_platform,
,search_capability,
,datum_science_and_machine_learning,
,ai_technology,
,content_delivery,
,user_access,
,work_space,
,user_management,
,client_journey,
,measurement_datum,
,identity_datum,
,activity_stream,
,shopping_tool,
,voice_command,
,touchpoint,
,chat_application,
,chat_product,
,multimedia_content,
,market_insight,
,search_technology,
,proposition,
,consumer_use_case,
,privacy_protection,
,profit_pool,
,self_-_service_experience,
,ux,
,annotation,
,insight_platform,
,dialogue,
,database_analytic,
,marketing_information,
,datum_analytic_capability,
,pain_point,
,data_analytic,
,help_customer,
,user_journey,
,management_security,
,enterprise_application,
,voice_capability,
,connectedness,
,solving,
,consumer_analytic,
,mass_personalization,
,machine_learning_algorithm,
,workflow_capability,
,tech_skill,
,algorithm,
,datum_and_analytic_solution,
,marketing_insight,
,analytic_solution,
,metadata,
,transform,
,target_marketing,
,location_intelligence,
,workflow_tool,
,health_datum,
,authentic,
,application_level,
,machine_-_learning,
,engagement_platform,
,product_feature,
,product_information,
,adtech,
,workflow_engine,
,ui,
,customer_service_solution,
,technology_set,
,digitally_physically,
,connection_management,
,search_function,
,stream_processing,
,threat_hunting,
,digital_health,
,application_capability,
,alert_alarm,
,real_time_engagement,
,cross-domain,
,datum_strategy,
,datum_intelligence,
,employee_experience,
,micro_segmentation,
,web_base,
,tailor,
,audience_insight,
,human_interface,
,tailor_product,
,analytic_capability,
,simple_intuitive,
,content_manager,
,datum_science_capability,
,enrich,
,support_experience,
,neural_network,
,design_principle,
,mapping_technology,
,democratize,
,best_-_in_-_class_user_experience,
,process_mining,
,ai_tool,
,creative,
,privacy_security,
,healthcare_solution,
,crowdsourcing,
,way_customer,
